Workbook

Sheet 00_PORTADA
B2: YACIMIENTO AKBAL
B5: PROYECTO INTEGRADOR DE CARACTERIZACIÓN DE YACIMIENTOS PETROLEROS
B6: DATOS GENERALES DEL PROYECTO
B8: Nombre del yacimiento | C8: Akbal
B9: Ubicación | C9: Cuenca del Sureste, México (ficticia)
B10: Tipo de yacimiento | C10: Petrolero convencional
B11: Presión inicial (Pi) | C11: ='01_PARAMETROS'!B6 -> 320 | D11: kg/cm²(a)
B12: Presión de burbuja (Pb) | C12: ='01_PARAMETROS'!B7 -> 200 | D12: kg/cm²(a)
B13: Volumen bruto (Vb) | C13: ='01_PARAMETROS'!B3 -> 280000 | D13: m³
B16: DATOS ACADÉMICOS
B18: Alumnos | C18: Julia Isabella Ponce Méndez, Erick Eduardo Luna Bautista
B19: Materia | C19: Caracterización de Yacimientos 1
B20: Docente | C20: Odalis Alejandra Caña Aguirre
B21: Modalidad | C21: Sabatina
B22: Fecha | C22: 46311
B24: CONTENIDO DEL PROYECTO
B26: 1 | C26: Caracterización del yacimiento
B27: 2 | C27: Propiedades PVT y comportamiento de presión
B28: 3 | C28: Historial de producción
B29: 4 | C29: Expansión del petróleo
B30: 5 | C30: Entrada de agua y retiro total de fluidos
B32: Proyecto académico de caracterización y análisis de un yacimiento petrolero hipotético.

Sheet 01_PARAMETROS
A1: PARÁMETROS DEL YACIMIENTO
A2: Variable | B2: Valor | C2: Unidad | D2: Tipo | E2: Interpretación
A3: Vb | B3: 280000 | C3: m³ | D3: Didáctico | E3: Volumen bruto del Yacimiento
A4: φ | B4: 0.2 | C4: Fracción | D4: Didáctico | E4: Porosidad de la formación
A5: Swi | B5: 0.25 | C5: Fracción | D5: Didáctico | E5: Saturación inicial del agua
A6: Pi | B6: 320 | C6: kg/cm²(a) | D6: PVT referencia | E6: Presión Inicial del yacimiento
A7: Pb | B7: 200 | C7: kg/cm²(a) | D7: PVT referencia | E7: Presión de burbuja
A8: T | B8: 68 | C8: °C | D8: PVT referencia | E8: Temperatura de yacimiento
A9: Boi | B9: 1.37 | C9: m³/m³ | D9: PVT referencia | E9: Factor volumetrico inicial de aceite
A10: Rsi | B10: 128 | C10: m³/m³ | D10: PVT referencia | E10: Relación gas-aceite disuelto inicial
A11: Caq | B11: 100 | C11: m³/[kg/cm²] | D11: Supuesto didáctico | E11: Coeficiente lineal de entrada de agua del acuífero
A12: Bw | B12: 1.02 | C12: m³/m³ | D12: Supuesto didáctico | E12: Factor volumétrico del agua

Sheet 01_CARACTERIZACION
A1: CARACTERIZACIÓN DEL YACIMIENTO
A2: PASO | B2: VARIABLE | C2: ECUACIÓN | D2: LOGICA EXCEL | E2: RESULTADO | F2: UNIDAD
A3: 1 | B3: Vb | C3: Dato de entrada | D3: Llamar Vb de parámetros | E3: ='01_PARAMETROS'!B3 -> 280000 | F3: m³
A4: 2 | B4: φ | C4: Dato de entrada | D4: Llamar φ de parámetros | E4: ='01_PARAMETROS'!B4 -> 0.2 | F4: Fracción
A5: 3 | B5: Swi | C5: Dato de entrada | D5: Llamar Swi de parámetros | E5: ='01_PARAMETROS'!B5 -> 0.25 | F5: Fracción
A6: 4 | B6: PV | C6: PV = Vb × φ | D6: Vb * φ | E6: =E3*E4 -> 56000 | F6: m³
A7: 5 | B7: Vw | C7: Vw = PV × Swi | D7: PV * Swi | E7: =E6*E5 -> 14000 | F7: m³
A8: 6 | B8: HCPV | C8: HCPV = PV × (1-Swi) | D8: PV * (1-Swi) | E8: =E6*(1-E5) -> 42000 | F8: m³
A9: 7 | B9: Comprobación | C9: Vw + HCPV = PV | D9: Vw + HCPV | E9: =E7+E8 -> 56000 | F9: m³
A10: 8 | B10: Error de cierre | C10: Comprobación - PV | D10: Debe ser 0 | E10: =E9-E6 -> 0 | F10: m³
A12: Esperado: PV 56,000 m³ · Vw 14,000 m³ · HCPV 42,000 m³ · Comprobación 56,000 m³ · Error 0

Sheet 02_PVT
A1: PRESIÓN Y COMPORTAMIENTO PVT
A2: Análisis del comportamiento del fluido durante el agotamiento de presión
A3: Etapa | B3: P kg/cm²(a) | C3: Bo m³/m³ | D3: Rs m³/m³ | E3: Bg m³/m³ | F3: Estado | G3: ΔP kg/cm² | H3: % Agotamiento | I3: Interpretación | J3: Validación
A4: 0 | B4: 320 | C4: 1.37 | D4: 128 | E4: 0 | F4: =IF(B4>'01_PARAMETROS'!$B$7,"Subsaturado",IF(B4='01_PARAMETROS'!$B$7,"Punto de burbuja","Región bifásica")) -> Subsaturado | G4: 0 | H4: 0 | I4: =IF(F4="Subsaturado","P > Pb: aceite subsaturado",IF(F4="Punto de burbuja","P = Pb: punto de burbuja","P < Pb: aceite + gas libre")) -> P > Pb: aceite subsaturado | J4: =IF(AND(G4='01_PARAMETROS'!$B$6-B4,ABS(H4-G4/'01_PARAMETROS'!$B$6)<0.000001),"OK","REVISAR") -> OK
A5: 2 | B5: 260 | C5: 1.382 | D5: 128 | E5: 0 | F5: =IF(B5>'01_PARAMETROS'!$B$7,"Subsaturado",IF(B5='01_PARAMETROS'!$B$7,"Punto de burbuja","Región bifásica")) -> Subsaturado | G5: ='01_PARAMETROS'!$B$6-B5 -> 60 | H5: =G5/'01_PARAMETROS'!$B$6 -> 0.1875 | I5: =IF(F5="Subsaturado","P > Pb: aceite subsaturado",IF(F5="Punto de burbuja","P = Pb: punto de burbuja","P < Pb: aceite + gas libre")) -> P > Pb: aceite subsaturado | J5: =IF(AND(G5='01_PARAMETROS'!$B$6-B5,ABS(H5-G5/'01_PARAMETROS'!$B$6)<0.000001),"OK","REVISAR") -> OK | R5: CONCEPTO | S5: ARRIBA / HACIA Pb | T5: DEBAJO DE Pb
A6: 5 | B6: 200 | C6: 1.395 | D6: 128 | E6: 0 | F6: =IF(B6>'01_PARAMETROS'!$B$7,"Subsaturado",IF(B6='01_PARAMETROS'!$B$7,"Punto de burbuja","Región bifásica")) -> Punto de burbuja | G6: ='01_PARAMETROS'!$B$6-B6 -> 120 | H6: =G6/'01_PARAMETROS'!$B$6 -> 0.375 | I6: =IF(F6="Subsaturado","P > Pb: aceite subsaturado",IF(F6="Punto de burbuja","P = Pb: punto de burbuja","P < Pb: aceite + gas libre")) -> P = Pb: punto de burbuja | J6: =IF(AND(G6='01_PARAMETROS'!$B$6-B6,ABS(H6-G6/'01_PARAMETROS'!$B$6)<0.000001),"OK","REVISAR") -> OK | R6: Estado | S6: P > Pb: subsaturado | T6: P < Pb: bifásico
A7: 6 | B7: 170 | C7: 1.36 | D7: 112 | E7: 0.0061 | F7: =IF(B7>'01_PARAMETROS'!$B$7,"Subsaturado",IF(B7='01_PARAMETROS'!$B$7,"Punto de burbuja","Región bifásica")) -> Región bifásica | G7: ='01_PARAMETROS'!$B$6-B7 -> 150 | H7: =G7/'01_PARAMETROS'!$B$6 -> 0.46875 | I7: =IF(F7="Subsaturado","P > Pb: aceite subsaturado",IF(F7="Punto de burbuja","P = Pb: punto de burbuja","P < Pb: aceite + gas libre")) -> P < Pb: aceite + gas libre | J7: =IF(AND(G7='01_PARAMETROS'!$B$6-B7,ABS(H7-G7/'01_PARAMETROS'!$B$6)<0.000001),"OK","REVISAR") -> OK | R7: Bo | S7: Aumenta hacia Pb | T7: Disminuye
A8: 7 | B8: 135 | C8: 1.32 | D8: 94 | E8: 0.00755 | F8: =IF(B8>'01_PARAMETROS'!$B$7,"Subsaturado",IF(B8='01_PARAMETROS'!$B$7,"Punto de burbuja","Región bifásica")) -> Región bifásica | G8: ='01_PARAMETROS'!$B$6-B8 -> 185 | H8: =G8/'01_PARAMETROS'!$B$6 -> 0.578125 | I8: =IF(F8="Subsaturado","P > Pb: aceite subsaturado",IF(F8="Punto de burbuja","P = Pb: punto de burbuja","P < Pb: aceite + gas libre")) -> P < Pb: aceite + gas libre | J8: =IF(AND(G8='01_PARAMETROS'!$B$6-B8,ABS(H8-G8/'01_PARAMETROS'!$B$6)<0.000001),"OK","REVISAR") -> OK | R8: Rs | S8: Se mantiene constante | T8: Disminuye
A9: 8 | B9: 100 | C9: 1.28 | D9: 76 | E9: 0.0099 | F9: =IF(B9>'01_PARAMETROS'!$B$7,"Subsaturado",IF(B9='01_PARAMETROS'!$B$7,"Punto de burbuja","Región bifásica")) -> Región bifásica | G9: ='01_PARAMETROS'!$B$6-B9 -> 220 | H9: =G9/'01_PARAMETROS'!$B$6 -> 0.6875 | I9: =IF(F9="Subsaturado","P > Pb: aceite subsaturado",IF(F9="Punto de burbuja","P = Pb: punto de burbuja","P < Pb: aceite + gas libre")) -> P < Pb: aceite + gas libre | J9: =IF(AND(G9='01_PARAMETROS'!$B$6-B9,ABS(H9-G9/'01_PARAMETROS'!$B$6)<0.000001),"OK","REVISAR") -> OK | R9: Bg | S9: No utilizado | T9: Aumenta al caer P
R11: Esperado: PV 56,000 m³ · Vw 14,000 m³ · HCPV 42,000 m³ · Comprobación 56,000 m³ · Error 0

Sheet 03_HISTORIAL
A2: HISTORIAL DE PRODUCCIÓN
A3: Etapa | B3: P kg/cm²(a) | C3: Np m³ | D3: Gp m³ | E3: Wp m³ | F3: Rp m³/m³ | G3: Bo (m³/m³) | H3: Rs (m³/m³) | I3: Bg (m³/m³) | J3: Gp calculado (m³) | K3: Validación
A4: ='02_PVT'!A4 -> 0 | B4: ='02_PVT'!B4 -> 320 | C4: 0 | D4: 0 | E4: 0 | F4: =IF(C4=0,"",D4/C4) | G4: ='02_PVT'!C4 -> 1.37 | H4: ='02_PVT'!D4 -> 128 | I4: =IF('02_PVT'!E4="","",'02_PVT'!E4) -> 0 | J4: =IF(C4=0,"",C4*F4) | K4: =IF(C4=0,IF(D4=0,"OK","REVISAR"),IF(ABS(J4-D4)<0.000001,"OK","REVISAR")) -> OK
A5: ='02_PVT'!A5 -> 2 | B5: ='02_PVT'!B5 -> 260 | C5: 2500 | D5: 320000 | E5: 180 | F5: =IF(C5=0,"",D5/C5) -> 128 | G5: ='02_PVT'!C5 -> 1.382 | H5: ='02_PVT'!D5 -> 128 | I5: =IF('02_PVT'!E5="","",'02_PVT'!E5) -> 0 | J5: =IF(C5=0,"",C5*F5) -> 320000 | K5: =IF(C5=0,IF(D5=0,"OK","REVISAR"),IF(ABS(J5-D5)<0.000001,"OK","REVISAR")) -> OK
A6: ='02_PVT'!A6 -> 5 | B6: ='02_PVT'!B6 -> 200 | C6: 6200 | D6: 793600 | E6: 510 | F6: =IF(C6=0,"",D6/C6) -> 128 | G6: ='02_PVT'!C6 -> 1.395 | H6: ='02_PVT'!D6 -> 128 | I6: =IF('02_PVT'!E6="","",'02_PVT'!E6) -> 0 | J6: =IF(C6=0,"",C6*F6) -> 793600 | K6: =IF(C6=0,IF(D6=0,"OK","REVISAR"),IF(ABS(J6-D6)<0.000001,"OK","REVISAR")) -> OK
A7: ='02_PVT'!A7 -> 6 | B7: ='02_PVT'!B7 -> 170 | C7: 9000 | D7: 1215000 | E7: 850 | F7: =IF(C7=0,"",D7/C7) -> 135 | G7: ='02_PVT'!C7 -> 1.36 | H7: ='02_PVT'!D7 -> 112 | I7: =IF('02_PVT'!E7="","",'02_PVT'!E7) -> 0.0061 | J7: =IF(C7=0,"",C7*F7) -> 1215000 | K7: =IF(C7=0,IF(D7=0,"OK","REVISAR"),IF(ABS(J7-D7)<0.000001,"OK","REVISAR")) -> OK
A8: ='02_PVT'!A8 -> 7 | B8: ='02_PVT'!B8 -> 135 | C8: 12500 | D8: 1812500 | E8: 1350 | F8: =IF(C8=0,"",D8/C8) -> 145 | G8: ='02_PVT'!C8 -> 1.32 | H8: ='02_PVT'!D8 -> 94 | I8: =IF('02_PVT'!E8="","",'02_PVT'!E8) -> 0.00755 | J8: =IF(C8=0,"",C8*F8) -> 1812500 | K8: =IF(C8=0,IF(D8=0,"OK","REVISAR"),IF(ABS(J8-D8)<0.000001,"OK","REVISAR")) -> OK
A9: ='02_PVT'!A9 -> 8 | B9: ='02_PVT'!B9 -> 100 | C9: 15500 | D9: 2480000 | E9: 2050 | F9: =IF(C9=0,"",D9/C9) -> 160 | G9: ='02_PVT'!C9 -> 1.28 | H9: ='02_PVT'!D9 -> 76 | I9: =IF('02_PVT'!E9="","",'02_PVT'!E9) -> 0.0099 | J9: =IF(C9=0,"",C9*F9) -> 2480000 | K9: =IF(C9=0,IF(D9=0,"OK","REVISAR"),IF(ABS(J9-D9)<0.000001,"OK","REVISAR")) -> OK
A16: INTERPRETACIÓN TÉCNICA DEL HISTORIAL DE PRODUCCIÓN

Sheet 04_EXPANSION
A1: EXPANSIÓN DEL SISTEMA
A2: Etapa | B2: Presión kg/cm²(a) | C2: Región del fluido | D2: Bo m³/m³ | E2: Boi m³/m³ | F2: Rsi m³/m³ | G2: Rs m³/m³ | H2: Bg m³/m³ | I2: Bo - Boi | J2: Rsi - Rs | K2: (Rsi − Rs) × Bg | L2: Eo m³/m³ | M2: Validación
A3: ='02_PVT'!A4 -> 0 | B3: ='02_PVT'!B4 -> 320 | C3: =IF(B3>'01_PARAMETROS'!$B$7,"Subsaturada",IF(B3='01_PARAMETROS'!$B$7,"Punto de burbuja","Bifásica")) -> Subsaturada | D3: ='02_PVT'!C4 -> 1.37 | E3: ='01_PARAMETROS'!$B$9 -> 1.37 | F3: ='01_PARAMETROS'!$B$10 -> 128 | G3: ='02_PVT'!D4 -> 128 | H3: =IF('02_PVT'!E4="","",'02_PVT'!E4) -> 0 | I3: =D3-E3 -> 0 | J3: =F3-G3 -> 0 | K3: =IF(B3>='01_PARAMETROS'!$B$7,"",IF(H3="","",J3*H3)) | L3: =IF(B3>='01_PARAMETROS'!$B$7,I3,IF(H3="","",I3+K3)) -> 0 | M3: =IF(B3>='01_PARAMETROS'!$B$7,IF(ABS(L3-I3)<0.000001,"OK","REVISAR"),IF(H3="","REVISAR",IF(ABS(L3-(I3+K3))<0.000001,"OK","REVISAR"))) -> OK
A4: ='02_PVT'!A5 -> 2 | B4: ='02_PVT'!B5 -> 260 | C4: =IF(B4>'01_PARAMETROS'!$B$7,"Subsaturada",IF(B4='01_PARAMETROS'!$B$7,"Punto de burbuja","Bifásica")) -> Subsaturada | D4: ='02_PVT'!C5 -> 1.382 | E4: ='01_PARAMETROS'!$B$9 -> 1.37 | F4: ='01_PARAMETROS'!$B$10 -> 128 | G4: ='02_PVT'!D5 -> 128 | H4: =IF('02_PVT'!E5="","",'02_PVT'!E5) -> 0 | I4: =D4-E4 -> 0.012 | J4: =F4-G4 -> 0 | K4: =IF(B4>='01_PARAMETROS'!$B$7,"",IF(H4="","",J4*H4)) | L4: =IF(B4>='01_PARAMETROS'!$B$7,I4,IF(H4="","",I4+K4)) -> 0.012 | M4: =IF(B4>='01_PARAMETROS'!$B$7,IF(ABS(L4-I4)<0.000001,"OK","REVISAR"),IF(H4="","REVISAR",IF(ABS(L4-(I4+K4))<0.000001,"OK","REVISAR"))) -> OK
A5: ='02_PVT'!A6 -> 5 | B5: ='02_PVT'!B6 -> 200 | C5: =IF(B5>'01_PARAMETROS'!$B$7,"Subsaturada",IF(B5='01_PARAMETROS'!$B$7,"Punto de burbuja","Bifásica")) -> Punto de burbuja | D5: ='02_PVT'!C6 -> 1.395 | E5: ='01_PARAMETROS'!$B$9 -> 1.37 | F5: ='01_PARAMETROS'!$B$10 -> 128 | G5: ='02_PVT'!D6 -> 128 | H5: =IF('02_PVT'!E6="","",'02_PVT'!E6) -> 0 | I5: =D5-E5 -> 0.025 | J5: =F5-G5 -> 0 | K5: =IF(B5>='01_PARAMETROS'!$B$7,"",IF(H5="","",J5*H5)) | L5: =IF(B5>='01_PARAMETROS'!$B$7,I5,IF(H5="","",I5+K5)) -> 0.025 | M5: =IF(B5>='01_PARAMETROS'!$B$7,IF(ABS(L5-I5)<0.000001,"OK","REVISAR"),IF(H5="","REVISAR",IF(ABS(L5-(I5+K5))<0.000001,"OK","REVISAR"))) -> OK
A6: ='02_PVT'!A7 -> 6 | B6: ='02_PVT'!B7 -> 170 | C6: =IF(B6>'01_PARAMETROS'!$B$7,"Subsaturada",IF(B6='01_PARAMETROS'!$B$7,"Punto de burbuja","Bifásica")) -> Bifásica | D6: ='02_PVT'!C7 -> 1.36 | E6: ='01_PARAMETROS'!$B$9 -> 1.37 | F6: ='01_PARAMETROS'!$B$10 -> 128 | G6: ='02_PVT'!D7 -> 112 | H6: =IF('02_PVT'!E7="","",'02_PVT'!E7) -> 0.0061 | I6: =D6-E6 -> -0.01 | J6: =F6-G6 -> 16 | K6: =IF(B6>='01_PARAMETROS'!$B$7,"",IF(H6="","",J6*H6)) -> 0.0976 | L6: =IF(B6>='01_PARAMETROS'!$B$7,I6,IF(H6="","",I6+K6)) -> 0.0876 | M6: =IF(B6>='01_PARAMETROS'!$B$7,IF(ABS(L6-I6)<0.000001,"OK","REVISAR"),IF(H6="","REVISAR",IF(ABS(L6-(I6+K6))<0.000001,"OK","REVISAR"))) -> OK
A7: ='02_PVT'!A8 -> 7 | B7: ='02_PVT'!B8 -> 135 | C7: =IF(B7>'01_PARAMETROS'!$B$7,"Subsaturada",IF(B7='01_PARAMETROS'!$B$7,"Punto de burbuja","Bifásica")) -> Bifásica | D7: ='02_PVT'!C8 -> 1.32 | E7: ='01_PARAMETROS'!$B$9 -> 1.37 | F7: ='01_PARAMETROS'!$B$10 -> 128 | G7: ='02_PVT'!D8 -> 94 | H7: =IF('02_PVT'!E8="","",'02_PVT'!E8) -> 0.00755 | I7: =D7-E7 -> -0.05 | J7: =F7-G7 -> 34 | K7: =IF(B7>='01_PARAMETROS'!$B$7,"",IF(H7="","",J7*H7)) -> 0.2567 | L7: =IF(B7>='01_PARAMETROS'!$B$7,I7,IF(H7="","",I7+K7)) -> 0.2067 | M7: =IF(B7>='01_PARAMETROS'!$B$7,IF(ABS(L7-I7)<0.000001,"OK","REVISAR"),IF(H7="","REVISAR",IF(ABS(L7-(I7+K7))<0.000001,"OK","REVISAR"))) -> OK
A8: ='02_PVT'!A9 -> 8 | B8: ='02_PVT'!B9 -> 100 | C8: =IF(B8>'01_PARAMETROS'!$B$7,"Subsaturada",IF(B8='01_PARAMETROS'!$B$7,"Punto de burbuja","Bifásica")) -> Bifásica | D8: ='02_PVT'!C9 -> 1.28 | E8: ='01_PARAMETROS'!$B$9 -> 1.37 | F8: ='01_PARAMETROS'!$B$10 -> 128 | G8: ='02_PVT'!D9 -> 76 | H8: =IF('02_PVT'!E9="","",'02_PVT'!E9) -> 0.0099 | I8: =D8-E8 -> -0.09 | J8: =F8-G8 -> 52 | K8: =IF(B8>='01_PARAMETROS'!$B$7,"",IF(H8="","",J8*H8)) -> 0.5148 | L8: =IF(B8>='01_PARAMETROS'!$B$7,I8,IF(H8="","",I8+K8)) -> 0.4248 | M8: =IF(B8>='01_PARAMETROS'!$B$7,IF(ABS(L8-I8)<0.000001,"OK","REVISAR"),IF(H8="","REVISAR",IF(ABS(L8-(I8+K8))<0.000001,"OK","REVISAR"))) -> OK
G11: INTERPRETACIÓN FÍSICA DE LA EXPANSIÓN DEL SISTEMA
G12: Durante la disminución de presión del yacimiento, la expansión del sistema de petróleo presenta un comportamiento diferente según la región del fluido. Por encima de la presión de burbuja de 200 kg/cm²(a), la expansión depende únicamente del cambio del factor volumétrico del petróleo (Bo − Boi). Cuando la presión disminuye por debajo del punto de burbuja, comienza la liberación de gas disuelto y aparece una contribución adicional a la expansión, representada por (Rsi − Rs) × Bg. Aunque el factor volumétrico del petróleo disminuye, el gas liberado provoca que la expansión total aumente. En el modelo analizado, Eo aumenta desde 0 hasta 0.42480 m³/m³ conforme la presión disminuye de 320 a 100 kg/cm²(a). Esto demuestra la importancia del gas liberado en el comportamiento volumétrico del yacimiento.

Sheet 05_RETIRO
A1: ENTRADA DE AGUA Y RETIRO SUBTERRÁNEO
A2: Etapa | B2: Presión kg/cm² (a) | C2: Región del fluido | D2: ΔP kg/cm² | E2: Caq | F2: We m³ | G2: Bw | H2: We × Bw m³ | I2: Np m³ | J2: Bo | K2: Rp | L2: Rs | M2: Bg | N2: Np × Bo | O2: Np × (Rp − Rs) × Bg | P2: Wp × Bw | Q2: F m³ | R2: Validación de F
A3: ='02_PVT'!A4 -> 0 | B3: ='02_PVT'!B4 -> 320 | C3: ='04_EXPANSION'!C3 -> Subsaturada | D3: ='01_PARAMETROS'!$B$6-B3 -> 0 | E3: ='01_PARAMETROS'!$B$11 -> 100 | F3: =E3*D3 -> 0 | G3: ='01_PARAMETROS'!$B$12 -> 1.02 | H3: =F3*G3 -> 0 | I3: ='03_HISTORIAL'!C4 -> 0 | J3: ='02_PVT'!C4 -> 1.37 | K3: =IF('03_HISTORIAL'!F4="","",'03_HISTORIAL'!F4) | L3: ='02_PVT'!D4 -> 128 | M3: =IF('02_PVT'!E4="","",'02_PVT'!E4) -> 0 | N3: =I3*J3 -> 0 | O3: =IF(B3>='01_PARAMETROS'!$B$7,"",IF(OR(M3="",K3=""),"",I3*(K3-L3)*M3)) | P3: ='03_HISTORIAL'!E4*G3 -> 0 | Q3: =IF(B3>='01_PARAMETROS'!$B$7,N3+P3,IF(O3="","",N3+O3+P3)) -> 0 | R3: =IF(B3>='01_PARAMETROS'!$B$7,IF(ABS(Q3-(N3+P3))<0.000001,"OK","REVISAR"),IF(O3="","REVISAR",IF(ABS(Q3-(N3+O3+P3))<0.000001,"OK","REVISAR"))) -> OK
A4: ='02_PVT'!A5 -> 2 | B4: ='02_PVT'!B5 -> 260 | C4: ='04_EXPANSION'!C4 -> Subsaturada | D4: ='01_PARAMETROS'!$B$6-B4 -> 60 | E4: ='01_PARAMETROS'!$B$11 -> 100 | F4: =E4*D4 -> 6000 | G4: ='01_PARAMETROS'!$B$12 -> 1.02 | H4: =F4*G4 -> 6120 | I4: ='03_HISTORIAL'!C5 -> 2500 | J4: ='02_PVT'!C5 -> 1.382 | K4: =IF('03_HISTORIAL'!F5="","",'03_HISTORIAL'!F5) -> 128 | L4: ='02_PVT'!D5 -> 128 | M4: =IF('02_PVT'!E5="","",'02_PVT'!E5) -> 0 | N4: =I4*J4 -> 3455 | O4: =IF(B4>='01_PARAMETROS'!$B$7,"",IF(OR(M4="",K4=""),"",I4*(K4-L4)*M4)) | P4: ='03_HISTORIAL'!E5*G4 -> 183.6 | Q4: =IF(B4>='01_PARAMETROS'!$B$7,N4+P4,IF(O4="","",N4+O4+P4)) -> 3638.6 | R4: =IF(B4>='01_PARAMETROS'!$B$7,IF(ABS(Q4-(N4+P4))<0.000001,"OK","REVISAR"),IF(O4="","REVISAR",IF(ABS(Q4-(N4+O4+P4))<0.000001,"OK","REVISAR"))) -> OK
A5: ='02_PVT'!A6 -> 5 | B5: ='02_PVT'!B6 -> 200 | C5: ='04_EXPANSION'!C5 -> Punto de burbuja | D5: ='01_PARAMETROS'!$B$6-B5 -> 120 | E5: ='01_PARAMETROS'!$B$11 -> 100 | F5: =E5*D5 -> 12000 | G5: ='01_PARAMETROS'!$B$12 -> 1.02 | H5: =F5*G5 -> 12240 | I5: ='03_HISTORIAL'!C6 -> 6200 | J5: ='02_PVT'!C6 -> 1.395 | K5: =IF('03_HISTORIAL'!F6="","",'03_HISTORIAL'!F6) -> 128 | L5: ='02_PVT'!D6 -> 128 | M5: =IF('02_PVT'!E6="","",'02_PVT'!E6) -> 0 | N5: =I5*J5 -> 8649 | O5: =IF(B5>='01_PARAMETROS'!$B$7,"",IF(OR(M5="",K5=""),"",I5*(K5-L5)*M5)) | P5: ='03_HISTORIAL'!E6*G5 -> 520.2 | Q5: =IF(B5>='01_PARAMETROS'!$B$7,N5+P5,IF(O5="","",N5+O5+P5)) -> 9169.2 | R5: =IF(B5>='01_PARAMETROS'!$B$7,IF(ABS(Q5-(N5+P5))<0.000001,"OK","REVISAR"),IF(O5="","REVISAR",IF(ABS(Q5-(N5+O5+P5))<0.000001,"OK","REVISAR"))) -> OK
A6: ='02_PVT'!A7 -> 6 | B6: ='02_PVT'!B7 -> 170 | C6: ='04_EXPANSION'!C6 -> Bifásica | D6: ='01_PARAMETROS'!$B$6-B6 -> 150 | E6: ='01_PARAMETROS'!$B$11 -> 100 | F6: =E6*D6 -> 15000 | G6: ='01_PARAMETROS'!$B$12 -> 1.02 | H6: =F6*G6 -> 15300 | I6: ='03_HISTORIAL'!C7 -> 9000 | J6: ='02_PVT'!C7 -> 1.36 | K6: =IF('03_HISTORIAL'!F7="","",'03_HISTORIAL'!F7) -> 135 | L6: ='02_PVT'!D7 -> 112 | M6: =IF('02_PVT'!E7="","",'02_PVT'!E7) -> 0.0061 | N6: =I6*J6 -> 12240 | O6: =IF(B6>='01_PARAMETROS'!$B$7,"",IF(OR(M6="",K6=""),"",I6*(K6-L6)*M6)) -> 1262.7 | P6: ='03_HISTORIAL'!E7*G6 -> 867 | Q6: =IF(B6>='01_PARAMETROS'!$B$7,N6+P6,IF(O6="","",N6+O6+P6)) -> 14369.7 | R6: =IF(B6>='01_PARAMETROS'!$B$7,IF(ABS(Q6-(N6+P6))<0.000001,"OK","REVISAR"),IF(O6="","REVISAR",IF(ABS(Q6-(N6+O6+P6))<0.000001,"OK","REVISAR"))) -> OK
A7: ='02_PVT'!A8 -> 7 | B7: ='02_PVT'!B8 -> 135 | C7: ='04_EXPANSION'!C7 -> Bifásica | D7: ='01_PARAMETROS'!$B$6-B7 -> 185 | E7: ='01_PARAMETROS'!$B$11 -> 100 | F7: =E7*D7 -> 18500 | G7: ='01_PARAMETROS'!$B$12 -> 1.02 | H7: =F7*G7 -> 18870 | I7: ='03_HISTORIAL'!C8 -> 12500 | J7: ='02_PVT'!C8 -> 1.32 | K7: =IF('03_HISTORIAL'!F8="","",'03_HISTORIAL'!F8) -> 145 | L7: ='02_PVT'!D8 -> 94 | M7: =IF('02_PVT'!E8="","",'02_PVT'!E8) -> 0.00755 | N7: =I7*J7 -> 16500 | O7: =IF(B7>='01_PARAMETROS'!$B$7,"",IF(OR(M7="",K7=""),"",I7*(K7-L7)*M7)) -> 4813.125 | P7: ='03_HISTORIAL'!E8*G7 -> 1377 | Q7: =IF(B7>='01_PARAMETROS'!$B$7,N7+P7,IF(O7="","",N7+O7+P7)) -> 22690.125 | R7: =IF(B7>='01_PARAMETROS'!$B$7,IF(ABS(Q7-(N7+P7))<0.000001,"OK","REVISAR"),IF(O7="","REVISAR",IF(ABS(Q7-(N7+O7+P7))<0.000001,"OK","REVISAR"))) -> OK
A8: ='02_PVT'!A9 -> 8 | B8: ='02_PVT'!B9 -> 100 | C8: ='04_EXPANSION'!C8 -> Bifásica | D8: ='01_PARAMETROS'!$B$6-B8 -> 220 | E8: ='01_PARAMETROS'!$B$11 -> 100 | F8: =E8*D8 -> 22000 | G8: ='01_PARAMETROS'!$B$12 -> 1.02 | H8: =F8*G8 -> 22440 | I8: ='03_HISTORIAL'!C9 -> 15500 | J8: ='02_PVT'!C9 -> 1.28 | K8: =IF('03_HISTORIAL'!F9="","",'03_HISTORIAL'!F9) -> 160 | L8: ='02_PVT'!D9 -> 76 | M8: =IF('02_PVT'!E9="","",'02_PVT'!E9) -> 0.0099 | N8: =I8*J8 -> 19840 | O8: =IF(B8>='01_PARAMETROS'!$B$7,"",IF(OR(M8="",K8=""),"",I8*(K8-L8)*M8)) -> 12889.8 | P8: ='03_HISTORIAL'!E9*G8 -> 2091 | Q8: =IF(B8>='01_PARAMETROS'!$B$7,N8+P8,IF(O8="","",N8+O8+P8)) -> 34820.8 | R8: =IF(B8>='01_PARAMETROS'!$B$7,IF(ABS(Q8-(N8+P8))<0.000001,"OK","REVISAR"),IF(O8="","REVISAR",IF(ABS(Q8-(N8+O8+P8))<0.000001,"OK","REVISAR"))) -> OK
A11: Etapa | B11: We (m³) | C11: F (m³)
A12: =A3 -> 0 | B12: =F3 -> 0 | C12: =Q3 -> 0
A13: =A4 -> 2 | B13: =F4 -> 6000 | C13: =Q4 -> 3638.6
A14: =A5 -> 5 | B14: =F5 -> 12000 | C14: =Q5 -> 9169.2
A15: =A6 -> 6 | B15: =F6 -> 15000 | C15: =Q6 -> 14369.7
A16: =A7 -> 7 | B16: =F7 -> 18500 | C16: =Q7 -> 22690.125
A17: =A8 -> 8 | B17: =F8 -> 22000 | C17: =Q8 -> 34820.8
A31: INTERPRETACIÓN TÉCNICA DEL EFECTO DEL ACUÍFERO | I31: HIPÓTESIS Y LIMITACIONES DEL MODELO DIDÁCTICO
A32: Durante la disminución de presión del yacimiento, el acuífero aporta agua hacia la zona productora. En el modelo didáctico utilizado, la entrada acumulada de agua (We) aumenta de 0 a 22,000 m³ cuando la presión disminuye de 320 a 100 kg/cm²(a). Por otra parte, el retiro subterráneo (F) aumenta progresivamente hasta alcanzar 34,820.80 m³ en la etapa 8. Este incremento se debe a la producción acumulada de petróleo, agua y, por debajo de la presión de burbuja, a la contribución del gas producido. En la última etapa, el aporte equivalente del acuífero (We × Bw) es de 22,440 m³, lo que representa aproximadamente el 64.4% del retiro subterráneo. Esto indica que el acuífero contribuye a compensar parcialmente la extracción de fluidos, favoreciendo el mantenimiento de la presión, aunque no es suficiente para compensar completamente el retiro calculado.
